model,aic,pseudo_r2,spatial_parameter
OLS,-66.64836403839658,0.8741857038777968,
Spatial lag,-64.67370276179142,0.8742175188816131,-0.016881910605479354
Spatial error,-67.16812462385158,0.8741456827484476,0.12625642765442804
