district,allocated_cost_saving_cny,allocated_peak_reduction_mw,critical_load
Campus,412022.5891721852,-4.637571961548472,0.4
Hospital,664155.8153820301,-5.9023643146980564,0.85
Residential,526814.9523246349,-7.16715666784764,0.35
Transit hub,446870.27084346465,-3.3727796083988895,0.65
