scenario,cost_cny,emissions_tco2,peak_grid_mw,pv_used_mwh,pv_curtailed_mwh,resilience_hours
PV 20 + storage 40,6088222.898398079,4938.326090302761,73.46311183113396,899.0452199957632,0.0,1.2006621581585295
PV 32 + storage 90,5467791.634704012,4655.682426092062,81.46311183113396,1438.4723519932213,0.0,2.7014898558566913
PV 45 + storage 120,4896509.491615151,4334.594838675399,85.46311183113396,2022.851744990467,0.0,3.6019864744755887
