district,population,vulnerability,baseline_min,scenario_min,improvement
Z1,10348,0.31795526810907304,27.218546266974187,27.218546266974187,0.0
Z2,13214,0.34167519906726496,29.83749086042954,24.627895281233446,5.209595579196096
Z3,15999,0.35419952292885415,33.020920785352956,21.96695529493592,11.053965490417038
Z4,10016,0.3990747081273095,35.14836993655723,21.852029722669663,13.29634021388757
