year,quantile,city_mean_extreme_rain_days
2018,0.95,18.333333333333332
2019,0.95,17.96875
2020,0.95,18.697916666666668
2021,0.95,18.484375
2022,0.95,18.484375
