year,quantile,city_mean_heatwave_days
2018,0.9,32.125
2019,0.9,36.864583333333336
2020,0.9,41.010416666666664
2021,0.9,44.338541666666664
2022,0.9,48.869791666666664
