corridor,scenes,mean_green,mean_heat,pedestrians,priority
B,10,0.1586068376068376,37.3810228908771,1994,1.5883333333333334
A,10,0.1616068376068376,37.37831915033341,1783,1.545
C,10,0.15665811965811965,37.51564568015213,1429,1.5166666666666668
